Feature,Gain,Cover,Frequency
y,0.4385827546395653,0.1724416279874446,0.17322314049586776
carat,0.4292162024827773,0.1944892758872753,0.13778512396694215
clarity,0.055044244647769205,0.11230709955487825,0.12423140495867768
z,0.03299590405573886,0.1674623609521996,0.15722314049586777
color,0.023180063908865574,0.07663191172524648,0.104
x,0.01733607512574053,0.1718152401973042,0.13970247933884297
depth,0.002490710073773148,0.054470809976378015,0.09705785123966942
cut,7.911708614509081e-4,0.027317579910180273,0.025785123966942148
table,3.6287420431921124e-4,0.023064093809093255,0.040991735537190085
