Metric,Value
RMSE,570.2793569560665
MAE,302.663217105458
R_squared,0.9799797623266183
MAPE,8.258418117013216
